week_start,week_end,is_partial_week,hour_count,quarter_count,forecast_weekly_net_demand_mwh,actual_weekly_net_demand_mwh,da_price_mean,da_price_std,id_price_mean,id_price_std,spread_mean,spread_std,load_dev_std,renewable_dev_std,proxy_da_cost_mean,proxy_da_cost_cvar95,lt_price_w,lt_price_source,lt_settlement_base,spot_marginal_exposure,lt_spot_coupling_state,ancillary_peak_shaving_pause,ancillary_freq_reserve_tight,ancillary_price_boundary_tight,renewable_mechanism_active,mechanism_price_floor,mechanism_price_ceiling,mechanism_volume_ratio_max,mechanism_exec_term_years,mechanism_stage_label,lt_price_linked_active,fixed_price_ratio_max,linked_price_ratio_min,lt_linkage_pre_window,info_disclosure_active,metering_boundary_improved,forecast_boundary_improved,policy_count,policy_source_file_count,policy_parse_failure_count,forward_price_linkage_days,forward_price_linkage_code,forward_price_linkage_in_window,forward_price_linkage_type,forward_mechanism_execution_days,forward_mechanism_execution_code,forward_mechanism_execution_in_window,forward_mechanism_execution_type,forward_ancillary_coupling_days,forward_ancillary_coupling_code,forward_ancillary_coupling_in_window,forward_ancillary_coupling_type,forward_info_forecast_boundary_days,forward_info_forecast_boundary_code,forward_info_forecast_boundary_in_window,forward_info_forecast_boundary_type,policy_sources,policy_names,active_state_groups,failed_policy_files
2025-10-27,2025-11-02 23:45:00,True,48,192,930321.25,904097.575,319.29900000000004,94.06782917105794,205.15547239583336,142.47750244322924,-114.14352760416665,133.34597842778183,810.6999347767571,544.6791178755881,1539471.8898037758,2300740.716355,,warmup_unavailable,1.0,1.0,1.0,0.0,1.0,1.0,0.0,0.0,0.0,0.0,0.0,竞价准备,0.0,0.0,0.0,0.0,1.0,1.0,1.0,17.0,9.0,0.0,60.0,1.0,0.0,lt_price_linkage,60.0,1.0,0.0,renewable_mechanism_execution,60.0,0.0,0.0,none,60.0,0.0,0.0,none,d:\elec\政策环境\2023-04-11印发2023-05-22公开关于印发《湖南省电力辅助服务市场交易规则（2023版）》的通知.docx|d:\elec\政策环境\2024-01-31 电力市场信息披露基本规则.docx|d:\elec\政策环境\2025.10.14关于进一步加强湖南电力辅助服务市场建设有关事项的通知.docx|d:\elec\政策环境\2025.10.15关于印发《湖南新能源消纳监测统计实施细则（试行）》的通知（湘监能市场〔2025〕58号）(2).docx|d:\elec\政策环境\2025.10.15湖南省电力市场计量实施规则.docx|d:\elec\政策环境\2025.10.15湖南省电力现货市场交易实施细则.docx|d:\elec\政策环境\2025.10.15湖南省电力调频辅助服务市场交易实施细则.docx|d:\elec\政策环境\2025.10.17 关于印发《湖南省深化新能源上网电价市场化改革促进新能源高质量发展实施方案》的通知.docx|d:\elec\政策环境\2025.2.13 关于深化新能源上网电价市场化改革 促进新能源高质量发展的通知.docx,2023-04-11印发2023-05-22公开关于印发《湖南省电力辅助服务市场交易规则（2023版）》的通知|2024-01-31 电力市场信息披露基本规则|2025.10.14关于进一步加强湖南电力辅助服务市场建设有关事项的通知|2025.10.15关于印发《湖南新能源消纳监测统计实施细则（试行）》的通知（湘监能市场〔2025〕58号）(2)|2025.10.15湖南省电力市场计量实施规则|2025.10.15湖南省电力现货市场交易实施细则|2025.10.15湖南省电力调频辅助服务市场交易实施细则|2025.10.17 关于印发《湖南省深化新能源上网电价市场化改革促进新能源高质量发展实施方案》的通知|2025.2.13 关于深化新能源上网电价市场化改革 促进新能源高质量发展的通知,ancillary_coupling|info_forecast_boundary|market_coupling|renewable_mechanism,
2025-11-03,2025-11-09 23:45:00,False,168,672,3330672.75,3347550.8449999997,415.4348169642857,116.64401591017334,392.36693080357145,144.46595505598827,-23.067886160714288,127.31341181245922,679.3522643127882,500.6188386586329,2107457.714629204,3622352.5145779415,319.29900000000004,estimated_prev_week_da_mean,1.0,1.0,1.0,0.0,1.0,1.0,0.0,0.0,0.0,0.0,0.0,竞价准备,0.0,0.0,0.0,0.0,1.0,1.0,1.0,18.0,10.0,0.0,60.0,1.0,0.0,lt_price_linkage,59.0,1.0,0.0,renewable_mechanism_execution,60.0,0.0,0.0,none,60.0,0.0,0.0,none,d:\elec\政策环境\2023-04-11印发2023-05-22公开关于印发《湖南省电力辅助服务市场交易规则（2023版）》的通知.docx|d:\elec\政策环境\2024-01-31 电力市场信息披露基本规则.docx|d:\elec\政策环境\2025.10.14关于进一步加强湖南电力辅助服务市场建设有关事项的通知.docx|d:\elec\政策环境\2025.10.15关于印发《湖南新能源消纳监测统计实施细则（试行）》的通知（湘监能市场〔2025〕58号）(2).docx|d:\elec\政策环境\2025.10.15湖南省电力市场计量实施规则.docx|d:\elec\政策环境\2025.10.15湖南省电力现货市场交易实施细则.docx|d:\elec\政策环境\2025.10.15湖南省电力调频辅助服务市场交易实施细则.docx|d:\elec\政策环境\2025.10.17 关于印发《湖南省深化新能源上网电价市场化改革促进新能源高质量发展实施方案》的通知.docx|d:\elec\政策环境\2025.10.29关于印发《湖南省新能源机制电价竞价实施细则》的通知.docx|d:\elec\政策环境\2025.2.13 关于深化新能源上网电价市场化改革 促进新能源高质量发展的通知.docx,2023-04-11印发2023-05-22公开关于印发《湖南省电力辅助服务市场交易规则（2023版）》的通知|2024-01-31 电力市场信息披露基本规则|2025.10.14关于进一步加强湖南电力辅助服务市场建设有关事项的通知|2025.10.15关于印发《湖南新能源消纳监测统计实施细则（试行）》的通知（湘监能市场〔2025〕58号）(2)|2025.10.15湖南省电力市场计量实施规则|2025.10.15湖南省电力现货市场交易实施细则|2025.10.15湖南省电力调频辅助服务市场交易实施细则|2025.10.17 关于印发《湖南省深化新能源上网电价市场化改革促进新能源高质量发展实施方案》的通知|2025.10.29关于印发《湖南省新能源机制电价竞价实施细则》的通知|2025.2.13 关于深化新能源上网电价市场化改革 促进新能源高质量发展的通知,ancillary_coupling|info_forecast_boundary|market_coupling|renewable_mechanism,
2025-11-10,2025-11-16 23:45:00,False,168,672,2950801.5,3055157.9175,252.1448183035714,204.3195450678147,304.1966523809524,174.74325581393825,52.051834077380946,164.21393133817932,924.9451131989628,897.3760855369782,1248316.1515039061,3021776.8791992646,415.4348169642857,estimated_prev_week_da_mean,1.0,1.0,1.0,0.0,1.0,1.0,0.0,0.0,0.0,0.0,0.0,竞价准备,0.0,0.0,0.0,0.0,1.0,1.0,1.0,19.0,11.0,0.0,60.0,1.0,0.0,lt_price_linkage,52.0,1.0,0.0,renewable_mechanism_execution,60.0,0.0,0.0,none,60.0,0.0,0.0,none,d:\elec\政策环境\2023-04-11印发2023-05-22公开关于印发《湖南省电力辅助服务市场交易规则（2023版）》的通知.docx|d:\elec\政策环境\2024-01-31 电力市场信息披露基本规则.docx|d:\elec\政策环境\2025.10.14关于进一步加强湖南电力辅助服务市场建设有关事项的通知.docx|d:\elec\政策环境\2025.10.15关于印发《湖南新能源消纳监测统计实施细则（试行）》的通知（湘监能市场〔2025〕58号）(2).docx|d:\elec\政策环境\2025.10.15湖南省电力市场计量实施规则.docx|d:\elec\政策环境\2025.10.15湖南省电力现货市场交易实施细则.docx|d:\elec\政策环境\2025.10.15湖南省电力调频辅助服务市场交易实施细则.docx|d:\elec\政策环境\2025.10.17 关于印发《湖南省深化新能源上网电价市场化改革促进新能源高质量发展实施方案》的通知.docx|d:\elec\政策环境\2025.10.29关于印发《湖南省新能源机制电价竞价实施细则》的通知.docx|d:\elec\政策环境\2025.11.05 关于2025年度新能源机制电价竞价工作有关事项的通知.docx|d:\elec\政策环境\2025.2.13 关于深化新能源上网电价市场化改革 促进新能源高质量发展的通知.docx,2023-04-11印发2023-05-22公开关于印发《湖南省电力辅助服务市场交易规则（2023版）》的通知|2024-01-31 电力市场信息披露基本规则|2025.10.14关于进一步加强湖南电力辅助服务市场建设有关事项的通知|2025.10.15关于印发《湖南新能源消纳监测统计实施细则（试行）》的通知（湘监能市场〔2025〕58号）(2)|2025.10.15湖南省电力市场计量实施规则|2025.10.15湖南省电力现货市场交易实施细则|2025.10.15湖南省电力调频辅助服务市场交易实施细则|2025.10.17 关于印发《湖南省深化新能源上网电价市场化改革促进新能源高质量发展实施方案》的通知|2025.10.29关于印发《湖南省新能源机制电价竞价实施细则》的通知|2025.11.05 关于2025年度新能源机制电价竞价工作有关事项的通知|2025.2.13 关于深化新能源上网电价市场化改革 促进新能源高质量发展的通知,ancillary_coupling|info_forecast_boundary|market_coupling|renewable_mechanism,
2025-11-17,2025-11-23 23:45:00,False,168,672,3201841.75,3291289.8425000003,280.2170422619048,188.72429723062274,303.45409702380954,178.90759520574775,23.237054761904762,160.90096244090728,1481.417815968334,1027.2834756141756,1444434.1253133928,3465498.4843132347,252.1448183035714,estimated_prev_week_da_mean,1.0,1.0,1.0,0.0,1.0,1.0,0.0,0.0,0.0,0.0,0.0,竞价准备,0.0,0.0,0.0,0.0,1.0,1.0,1.0,19.0,11.0,0.0,60.0,1.0,0.0,lt_price_linkage,45.0,1.0,0.0,renewable_mechanism_execution,60.0,0.0,0.0,none,60.0,0.0,0.0,none,d:\elec\政策环境\2023-04-11印发2023-05-22公开关于印发《湖南省电力辅助服务市场交易规则（2023版）》的通知.docx|d:\elec\政策环境\2024-01-31 电力市场信息披露基本规则.docx|d:\elec\政策环境\2025.10.14关于进一步加强湖南电力辅助服务市场建设有关事项的通知.docx|d:\elec\政策环境\2025.10.15关于印发《湖南新能源消纳监测统计实施细则（试行）》的通知（湘监能市场〔2025〕58号）(2).docx|d:\elec\政策环境\2025.10.15湖南省电力市场计量实施规则.docx|d:\elec\政策环境\2025.10.15湖南省电力现货市场交易实施细则.docx|d:\elec\政策环境\2025.10.15湖南省电力调频辅助服务市场交易实施细则.docx|d:\elec\政策环境\2025.10.17 关于印发《湖南省深化新能源上网电价市场化改革促进新能源高质量发展实施方案》的通知.docx|d:\elec\政策环境\2025.10.29关于印发《湖南省新能源机制电价竞价实施细则》的通知.docx|d:\elec\政策环境\2025.11.05 关于2025年度新能源机制电价竞价工作有关事项的通知.docx|d:\elec\政策环境\2025.2.13 关于深化新能源上网电价市场化改革 促进新能源高质量发展的通知.docx,2023-04-11印发2023-05-22公开关于印发《湖南省电力辅助服务市场交易规则（2023版）》的通知|2024-01-31 电力市场信息披露基本规则|2025.10.14关于进一步加强湖南电力辅助服务市场建设有关事项的通知|2025.10.15关于印发《湖南新能源消纳监测统计实施细则（试行）》的通知（湘监能市场〔2025〕58号）(2)|2025.10.15湖南省电力市场计量实施规则|2025.10.15湖南省电力现货市场交易实施细则|2025.10.15湖南省电力调频辅助服务市场交易实施细则|2025.10.17 关于印发《湖南省深化新能源上网电价市场化改革促进新能源高质量发展实施方案》的通知|2025.10.29关于印发《湖南省新能源机制电价竞价实施细则》的通知|2025.11.05 关于2025年度新能源机制电价竞价工作有关事项的通知|2025.2.13 关于深化新能源上网电价市场化改革 促进新能源高质量发展的通知,ancillary_coupling|info_forecast_boundary|market_coupling|renewable_mechanism,
2025-11-24,2025-11-30 23:45:00,False,168,672,3084583.75,3077245.7225,359.1199200892857,199.68848563717896,311.7776611607143,208.52131475432356,-47.342258928571425,119.67197553244972,1024.8230333397883,862.4170566372276,1828260.077786198,3634375.4219529405,280.2170422619048,estimated_prev_week_da_mean,1.0,1.0,1.0,0.0,1.0,1.0,0.0,0.0,0.0,0.0,0.0,竞价准备,0.0,0.0,0.0,0.0,1.0,1.0,1.0,19.0,11.0,0.0,60.0,1.0,0.0,lt_price_linkage,38.0,1.0,0.0,renewable_mechanism_execution,60.0,0.0,0.0,none,60.0,0.0,0.0,none,d:\elec\政策环境\2023-04-11印发2023-05-22公开关于印发《湖南省电力辅助服务市场交易规则（2023版）》的通知.docx|d:\elec\政策环境\2024-01-31 电力市场信息披露基本规则.docx|d:\elec\政策环境\2025.10.14关于进一步加强湖南电力辅助服务市场建设有关事项的通知.docx|d:\elec\政策环境\2025.10.15关于印发《湖南新能源消纳监测统计实施细则（试行）》的通知（湘监能市场〔2025〕58号）(2).docx|d:\elec\政策环境\2025.10.15湖南省电力市场计量实施规则.docx|d:\elec\政策环境\2025.10.15湖南省电力现货市场交易实施细则.docx|d:\elec\政策环境\2025.10.15湖南省电力调频辅助服务市场交易实施细则.docx|d:\elec\政策环境\2025.10.17 关于印发《湖南省深化新能源上网电价市场化改革促进新能源高质量发展实施方案》的通知.docx|d:\elec\政策环境\2025.10.29关于印发《湖南省新能源机制电价竞价实施细则》的通知.docx|d:\elec\政策环境\2025.11.05 关于2025年度新能源机制电价竞价工作有关事项的通知.docx|d:\elec\政策环境\2025.2.13 关于深化新能源上网电价市场化改革 促进新能源高质量发展的通知.docx,2023-04-11印发2023-05-22公开关于印发《湖南省电力辅助服务市场交易规则（2023版）》的通知|2024-01-31 电力市场信息披露基本规则|2025.10.14关于进一步加强湖南电力辅助服务市场建设有关事项的通知|2025.10.15关于印发《湖南新能源消纳监测统计实施细则（试行）》的通知（湘监能市场〔2025〕58号）(2)|2025.10.15湖南省电力市场计量实施规则|2025.10.15湖南省电力现货市场交易实施细则|2025.10.15湖南省电力调频辅助服务市场交易实施细则|2025.10.17 关于印发《湖南省深化新能源上网电价市场化改革促进新能源高质量发展实施方案》的通知|2025.10.29关于印发《湖南省新能源机制电价竞价实施细则》的通知|2025.11.05 关于2025年度新能源机制电价竞价工作有关事项的通知|2025.2.13 关于深化新能源上网电价市场化改革 促进新能源高质量发展的通知,ancillary_coupling|info_forecast_boundary|market_coupling|renewable_mechanism,
2025-12-01,2025-12-07 23:45:00,False,168,672,3525623.0,3544410.785,425.0034566964286,110.48635024986721,405.1380824404762,115.88650187432482,-19.86537425595238,111.97160974209123,1531.8778886367852,989.6019505967287,2288443.3949636533,3560453.458672794,359.1199200892857,estimated_prev_week_da_mean,1.0,1.0,1.0,0.0,1.0,1.0,0.0,0.0,0.0,0.0,0.0,竞价准备,0.0,0.0,0.0,0.0,1.0,1.0,1.0,19.0,11.0,0.0,60.0,1.0,0.0,lt_price_linkage,31.0,1.0,0.0,renewable_mechanism_execution,60.0,0.0,0.0,none,60.0,0.0,0.0,none,d:\elec\政策环境\2023-04-11印发2023-05-22公开关于印发《湖南省电力辅助服务市场交易规则（2023版）》的通知.docx|d:\elec\政策环境\2024-01-31 电力市场信息披露基本规则.docx|d:\elec\政策环境\2025.10.14关于进一步加强湖南电力辅助服务市场建设有关事项的通知.docx|d:\elec\政策环境\2025.10.15关于印发《湖南新能源消纳监测统计实施细则（试行）》的通知（湘监能市场〔2025〕58号）(2).docx|d:\elec\政策环境\2025.10.15湖南省电力市场计量实施规则.docx|d:\elec\政策环境\2025.10.15湖南省电力现货市场交易实施细则.docx|d:\elec\政策环境\2025.10.15湖南省电力调频辅助服务市场交易实施细则.docx|d:\elec\政策环境\2025.10.17 关于印发《湖南省深化新能源上网电价市场化改革促进新能源高质量发展实施方案》的通知.docx|d:\elec\政策环境\2025.10.29关于印发《湖南省新能源机制电价竞价实施细则》的通知.docx|d:\elec\政策环境\2025.11.05 关于2025年度新能源机制电价竞价工作有关事项的通知.docx|d:\elec\政策环境\2025.2.13 关于深化新能源上网电价市场化改革 促进新能源高质量发展的通知.docx,2023-04-11印发2023-05-22公开关于印发《湖南省电力辅助服务市场交易规则（2023版）》的通知|2024-01-31 电力市场信息披露基本规则|2025.10.14关于进一步加强湖南电力辅助服务市场建设有关事项的通知|2025.10.15关于印发《湖南新能源消纳监测统计实施细则（试行）》的通知（湘监能市场〔2025〕58号）(2)|2025.10.15湖南省电力市场计量实施规则|2025.10.15湖南省电力现货市场交易实施细则|2025.10.15湖南省电力调频辅助服务市场交易实施细则|2025.10.17 关于印发《湖南省深化新能源上网电价市场化改革促进新能源高质量发展实施方案》的通知|2025.10.29关于印发《湖南省新能源机制电价竞价实施细则》的通知|2025.11.05 关于2025年度新能源机制电价竞价工作有关事项的通知|2025.2.13 关于深化新能源上网电价市场化改革 促进新能源高质量发展的通知,ancillary_coupling|info_forecast_boundary|market_coupling|renewable_mechanism,
2025-12-08,2025-12-14 23:45:00,False,168,672,3517721.0,3488011.83,386.727594047619,120.87308896460156,372.46064553571426,127.91711353116047,-14.266948511904765,119.0975413507442,1088.2854239223554,715.6865790615373,2102077.4028041298,3721700.8760926467,425.0034566964286,estimated_prev_week_da_mean,1.0,1.0,1.0,0.0,1.0,1.0,0.0,0.0,0.0,0.0,0.0,竞价准备,0.0,0.0,0.0,0.0,1.0,1.0,1.0,19.0,11.0,0.0,55.0,1.0,0.0,lt_price_linkage,24.0,1.0,1.0,renewable_mechanism_execution,60.0,0.0,0.0,none,60.0,0.0,0.0,none,d:\elec\政策环境\2023-04-11印发2023-05-22公开关于印发《湖南省电力辅助服务市场交易规则（2023版）》的通知.docx|d:\elec\政策环境\2024-01-31 电力市场信息披露基本规则.docx|d:\elec\政策环境\2025.10.14关于进一步加强湖南电力辅助服务市场建设有关事项的通知.docx|d:\elec\政策环境\2025.10.15关于印发《湖南新能源消纳监测统计实施细则（试行）》的通知（湘监能市场〔2025〕58号）(2).docx|d:\elec\政策环境\2025.10.15湖南省电力市场计量实施规则.docx|d:\elec\政策环境\2025.10.15湖南省电力现货市场交易实施细则.docx|d:\elec\政策环境\2025.10.15湖南省电力调频辅助服务市场交易实施细则.docx|d:\elec\政策环境\2025.10.17 关于印发《湖南省深化新能源上网电价市场化改革促进新能源高质量发展实施方案》的通知.docx|d:\elec\政策环境\2025.10.29关于印发《湖南省新能源机制电价竞价实施细则》的通知.docx|d:\elec\政策环境\2025.11.05 关于2025年度新能源机制电价竞价工作有关事项的通知.docx|d:\elec\政策环境\2025.2.13 关于深化新能源上网电价市场化改革 促进新能源高质量发展的通知.docx,2023-04-11印发2023-05-22公开关于印发《湖南省电力辅助服务市场交易规则（2023版）》的通知|2024-01-31 电力市场信息披露基本规则|2025.10.14关于进一步加强湖南电力辅助服务市场建设有关事项的通知|2025.10.15关于印发《湖南新能源消纳监测统计实施细则（试行）》的通知（湘监能市场〔2025〕58号）(2)|2025.10.15湖南省电力市场计量实施规则|2025.10.15湖南省电力现货市场交易实施细则|2025.10.15湖南省电力调频辅助服务市场交易实施细则|2025.10.17 关于印发《湖南省深化新能源上网电价市场化改革促进新能源高质量发展实施方案》的通知|2025.10.29关于印发《湖南省新能源机制电价竞价实施细则》的通知|2025.11.05 关于2025年度新能源机制电价竞价工作有关事项的通知|2025.2.13 关于深化新能源上网电价市场化改革 促进新能源高质量发展的通知,ancillary_coupling|info_forecast_boundary|market_coupling|renewable_mechanism,
2025-12-15,2025-12-21 23:45:00,False,168,672,3416346.5,3508612.4725,310.0039550595238,157.77726272030813,300.18002842261905,176.04443365670247,-9.82392663690476,109.35884046183833,1291.511376339718,1003.7973346823796,1690018.5781386162,3391339.535458088,386.727594047619,estimated_prev_week_da_mean,1.0,1.0,1.0,0.0,1.0,1.0,0.0,0.0,0.0,0.0,0.0,竞价准备,0.0,0.0,0.0,0.0,1.0,1.0,1.0,19.0,11.0,0.0,48.0,1.0,0.0,lt_price_linkage,17.0,1.0,1.0,renewable_mechanism_execution,60.0,0.0,0.0,none,60.0,0.0,0.0,none,d:\elec\政策环境\2023-04-11印发2023-05-22公开关于印发《湖南省电力辅助服务市场交易规则（2023版）》的通知.docx|d:\elec\政策环境\2024-01-31 电力市场信息披露基本规则.docx|d:\elec\政策环境\2025.10.14关于进一步加强湖南电力辅助服务市场建设有关事项的通知.docx|d:\elec\政策环境\2025.10.15关于印发《湖南新能源消纳监测统计实施细则（试行）》的通知（湘监能市场〔2025〕58号）(2).docx|d:\elec\政策环境\2025.10.15湖南省电力市场计量实施规则.docx|d:\elec\政策环境\2025.10.15湖南省电力现货市场交易实施细则.docx|d:\elec\政策环境\2025.10.15湖南省电力调频辅助服务市场交易实施细则.docx|d:\elec\政策环境\2025.10.17 关于印发《湖南省深化新能源上网电价市场化改革促进新能源高质量发展实施方案》的通知.docx|d:\elec\政策环境\2025.10.29关于印发《湖南省新能源机制电价竞价实施细则》的通知.docx|d:\elec\政策环境\2025.11.05 关于2025年度新能源机制电价竞价工作有关事项的通知.docx|d:\elec\政策环境\2025.2.13 关于深化新能源上网电价市场化改革 促进新能源高质量发展的通知.docx,2023-04-11印发2023-05-22公开关于印发《湖南省电力辅助服务市场交易规则（2023版）》的通知|2024-01-31 电力市场信息披露基本规则|2025.10.14关于进一步加强湖南电力辅助服务市场建设有关事项的通知|2025.10.15关于印发《湖南新能源消纳监测统计实施细则（试行）》的通知（湘监能市场〔2025〕58号）(2)|2025.10.15湖南省电力市场计量实施规则|2025.10.15湖南省电力现货市场交易实施细则|2025.10.15湖南省电力调频辅助服务市场交易实施细则|2025.10.17 关于印发《湖南省深化新能源上网电价市场化改革促进新能源高质量发展实施方案》的通知|2025.10.29关于印发《湖南省新能源机制电价竞价实施细则》的通知|2025.11.05 关于2025年度新能源机制电价竞价工作有关事项的通知|2025.2.13 关于深化新能源上网电价市场化改革 促进新能源高质量发展的通知,ancillary_coupling|info_forecast_boundary|market_coupling|renewable_mechanism,
2025-12-22,2025-12-28 23:45:00,False,168,672,3697318.5,3755039.6,362.2378569940476,124.92373159022641,351.7591867559524,153.03049982630128,-10.478670238095239,82.41619923268021,1217.0520383386456,977.6915930086667,2088033.1984922616,4232983.946707353,310.0039550595238,estimated_prev_week_da_mean,1.0,1.0,1.0,0.0,1.0,1.0,0.0,0.0,0.0,0.0,0.0,竞价准备,0.0,0.0,0.0,0.0,1.0,1.0,1.0,19.0,11.0,0.0,41.0,1.0,0.0,lt_price_linkage,10.0,1.0,1.0,renewable_mechanism_execution,60.0,0.0,0.0,none,60.0,0.0,0.0,none,d:\elec\政策环境\2023-04-11印发2023-05-22公开关于印发《湖南省电力辅助服务市场交易规则（2023版）》的通知.docx|d:\elec\政策环境\2024-01-31 电力市场信息披露基本规则.docx|d:\elec\政策环境\2025.10.14关于进一步加强湖南电力辅助服务市场建设有关事项的通知.docx|d:\elec\政策环境\2025.10.15关于印发《湖南新能源消纳监测统计实施细则（试行）》的通知（湘监能市场〔2025〕58号）(2).docx|d:\elec\政策环境\2025.10.15湖南省电力市场计量实施规则.docx|d:\elec\政策环境\2025.10.15湖南省电力现货市场交易实施细则.docx|d:\elec\政策环境\2025.10.15湖南省电力调频辅助服务市场交易实施细则.docx|d:\elec\政策环境\2025.10.17 关于印发《湖南省深化新能源上网电价市场化改革促进新能源高质量发展实施方案》的通知.docx|d:\elec\政策环境\2025.10.29关于印发《湖南省新能源机制电价竞价实施细则》的通知.docx|d:\elec\政策环境\2025.11.05 关于2025年度新能源机制电价竞价工作有关事项的通知.docx|d:\elec\政策环境\2025.2.13 关于深化新能源上网电价市场化改革 促进新能源高质量发展的通知.docx,2023-04-11印发2023-05-22公开关于印发《湖南省电力辅助服务市场交易规则（2023版）》的通知|2024-01-31 电力市场信息披露基本规则|2025.10.14关于进一步加强湖南电力辅助服务市场建设有关事项的通知|2025.10.15关于印发《湖南新能源消纳监测统计实施细则（试行）》的通知（湘监能市场〔2025〕58号）(2)|2025.10.15湖南省电力市场计量实施规则|2025.10.15湖南省电力现货市场交易实施细则|2025.10.15湖南省电力调频辅助服务市场交易实施细则|2025.10.17 关于印发《湖南省深化新能源上网电价市场化改革促进新能源高质量发展实施方案》的通知|2025.10.29关于印发《湖南省新能源机制电价竞价实施细则》的通知|2025.11.05 关于2025年度新能源机制电价竞价工作有关事项的通知|2025.2.13 关于深化新能源上网电价市场化改革 促进新能源高质量发展的通知,ancillary_coupling|info_forecast_boundary|market_coupling|renewable_mechanism,
2025-12-29,2026-01-04 23:45:00,False,168,672,3835035.875,4108833.95375,418.55219002976185,74.17230715723984,449.581583110119,104.94409221725904,31.029393080357142,90.18200055772179,1995.0305276983734,834.6658962603047,2436701.1176457033,3681754.268286764,362.2378569940476,estimated_prev_week_da_mean,1.0,1.0,1.0,0.0,1.0,1.0,0.0,0.0,0.0,0.0,0.0,竞价准备,0.0,0.0,0.0,0.0,1.0,1.0,1.0,19.0,11.0,0.0,34.0,1.0,0.0,lt_price_linkage,3.0,1.0,1.0,renewable_mechanism_execution,60.0,0.0,0.0,none,60.0,0.0,0.0,none,d:\elec\政策环境\2023-04-11印发2023-05-22公开关于印发《湖南省电力辅助服务市场交易规则（2023版）》的通知.docx|d:\elec\政策环境\2024-01-31 电力市场信息披露基本规则.docx|d:\elec\政策环境\2025.10.14关于进一步加强湖南电力辅助服务市场建设有关事项的通知.docx|d:\elec\政策环境\2025.10.15关于印发《湖南新能源消纳监测统计实施细则（试行）》的通知（湘监能市场〔2025〕58号）(2).docx|d:\elec\政策环境\2025.10.15湖南省电力市场计量实施规则.docx|d:\elec\政策环境\2025.10.15湖南省电力现货市场交易实施细则.docx|d:\elec\政策环境\2025.10.15湖南省电力调频辅助服务市场交易实施细则.docx|d:\elec\政策环境\2025.10.17 关于印发《湖南省深化新能源上网电价市场化改革促进新能源高质量发展实施方案》的通知.docx|d:\elec\政策环境\2025.10.29关于印发《湖南省新能源机制电价竞价实施细则》的通知.docx|d:\elec\政策环境\2025.11.05 关于2025年度新能源机制电价竞价工作有关事项的通知.docx|d:\elec\政策环境\2025.2.13 关于深化新能源上网电价市场化改革 促进新能源高质量发展的通知.docx,2023-04-11印发2023-05-22公开关于印发《湖南省电力辅助服务市场交易规则（2023版）》的通知|2024-01-31 电力市场信息披露基本规则|2025.10.14关于进一步加强湖南电力辅助服务市场建设有关事项的通知|2025.10.15关于印发《湖南新能源消纳监测统计实施细则（试行）》的通知（湘监能市场〔2025〕58号）(2)|2025.10.15湖南省电力市场计量实施规则|2025.10.15湖南省电力现货市场交易实施细则|2025.10.15湖南省电力调频辅助服务市场交易实施细则|2025.10.17 关于印发《湖南省深化新能源上网电价市场化改革促进新能源高质量发展实施方案》的通知|2025.10.29关于印发《湖南省新能源机制电价竞价实施细则》的通知|2025.11.05 关于2025年度新能源机制电价竞价工作有关事项的通知|2025.2.13 关于深化新能源上网电价市场化改革 促进新能源高质量发展的通知,ancillary_coupling|info_forecast_boundary|market_coupling|renewable_mechanism,
2026-01-05,2026-01-11 23:45:00,False,168,672,3843856.0,3884107.7125,407.8556666666667,107.68853770336348,408.9749761904762,117.96843624547441,1.119309523809523,58.760775285794836,1000.7283786657541,765.9041693313181,2421260.8254334074,3997206.7459558826,418.55219002976185,estimated_prev_week_da_mean,1.0,1.0,1.0,0.0,1.0,1.0,1.0,0.375,0.375,0.8,10.0,执行期,0.0,0.0,0.0,1.0,1.0,1.0,1.0,27.0,12.0,0.0,27.0,1.0,1.0,lt_price_linkage,60.0,0.0,0.0,none,60.0,0.0,0.0,none,60.0,0.0,0.0,none,d:\elec\政策环境\2023-04-11印发2023-05-22公开关于印发《湖南省电力辅助服务市场交易规则（2023版）》的通知.docx|d:\elec\政策环境\2024-01-31 电力市场信息披露基本规则.docx|d:\elec\政策环境\2025.10.14关于进一步加强湖南电力辅助服务市场建设有关事项的通知.docx|d:\elec\政策环境\2025.10.15关于印发《湖南新能源消纳监测统计实施细则（试行）》的通知（湘监能市场〔2025〕58号）(2).docx|d:\elec\政策环境\2025.10.15湖南省电力市场计量实施规则.docx|d:\elec\政策环境\2025.10.15湖南省电力现货市场交易实施细则.docx|d:\elec\政策环境\2025.10.15湖南省电力调频辅助服务市场交易实施细则.docx|d:\elec\政策环境\2025.10.17 关于印发《湖南省深化新能源上网电价市场化改革促进新能源高质量发展实施方案》的通知.docx|d:\elec\政策环境\2025.10.29关于印发《湖南省新能源机制电价竞价实施细则》的通知.docx|d:\elec\政策环境\2025.11.05 关于2025年度新能源机制电价竞价工作有关事项的通知.docx|d:\elec\政策环境\2025.12.25 湖南省2025年度新能源增量项目机制电价竞价结果公布表.xlsx|d:\elec\政策环境\2025.2.13 关于深化新能源上网电价市场化改革 促进新能源高质量发展的通知.docx,2023-04-11印发2023-05-22公开关于印发《湖南省电力辅助服务市场交易规则（2023版）》的通知|2024-01-31 电力市场信息披露基本规则|2025.10.14关于进一步加强湖南电力辅助服务市场建设有关事项的通知|2025.10.15关于印发《湖南新能源消纳监测统计实施细则（试行）》的通知（湘监能市场〔2025〕58号）(2)|2025.10.15湖南省电力市场计量实施规则|2025.10.15湖南省电力现货市场交易实施细则|2025.10.15湖南省电力调频辅助服务市场交易实施细则|2025.10.17 关于印发《湖南省深化新能源上网电价市场化改革促进新能源高质量发展实施方案》的通知|2025.10.29关于印发《湖南省新能源机制电价竞价实施细则》的通知|2025.11.05 关于2025年度新能源机制电价竞价工作有关事项的通知|2025.2.13 关于深化新能源上网电价市场化改革 促进新能源高质量发展的通知|湖南省2025年度新能源增量项目机制电价竞价结果公布表,ancillary_coupling|info_forecast_boundary|market_coupling|renewable_mechanism,
2026-01-12,2026-01-18 23:45:00,False,168,672,3721929.25,3738569.925,392.3248869047619,115.82838052093831,401.34866666666665,139.17274200816473,9.023779761904766,90.00779241378483,1349.0126818213682,956.3205224823624,2254975.773385789,3958565.2471838235,407.8556666666667,estimated_prev_week_da_mean,1.0,1.0,1.0,0.0,1.0,1.0,1.0,0.375,0.375,0.8,10.0,执行期,0.0,0.0,0.0,1.0,1.0,1.0,1.0,27.0,12.0,0.0,20.0,1.0,1.0,lt_price_linkage,60.0,0.0,0.0,none,60.0,0.0,0.0,none,60.0,0.0,0.0,none,d:\elec\政策环境\2023-04-11印发2023-05-22公开关于印发《湖南省电力辅助服务市场交易规则（2023版）》的通知.docx|d:\elec\政策环境\2024-01-31 电力市场信息披露基本规则.docx|d:\elec\政策环境\2025.10.14关于进一步加强湖南电力辅助服务市场建设有关事项的通知.docx|d:\elec\政策环境\2025.10.15关于印发《湖南新能源消纳监测统计实施细则（试行）》的通知（湘监能市场〔2025〕58号）(2).docx|d:\elec\政策环境\2025.10.15湖南省电力市场计量实施规则.docx|d:\elec\政策环境\2025.10.15湖南省电力现货市场交易实施细则.docx|d:\elec\政策环境\2025.10.15湖南省电力调频辅助服务市场交易实施细则.docx|d:\elec\政策环境\2025.10.17 关于印发《湖南省深化新能源上网电价市场化改革促进新能源高质量发展实施方案》的通知.docx|d:\elec\政策环境\2025.10.29关于印发《湖南省新能源机制电价竞价实施细则》的通知.docx|d:\elec\政策环境\2025.11.05 关于2025年度新能源机制电价竞价工作有关事项的通知.docx|d:\elec\政策环境\2025.12.25 湖南省2025年度新能源增量项目机制电价竞价结果公布表.xlsx|d:\elec\政策环境\2025.2.13 关于深化新能源上网电价市场化改革 促进新能源高质量发展的通知.docx,2023-04-11印发2023-05-22公开关于印发《湖南省电力辅助服务市场交易规则（2023版）》的通知|2024-01-31 电力市场信息披露基本规则|2025.10.14关于进一步加强湖南电力辅助服务市场建设有关事项的通知|2025.10.15关于印发《湖南新能源消纳监测统计实施细则（试行）》的通知（湘监能市场〔2025〕58号）(2)|2025.10.15湖南省电力市场计量实施规则|2025.10.15湖南省电力现货市场交易实施细则|2025.10.15湖南省电力调频辅助服务市场交易实施细则|2025.10.17 关于印发《湖南省深化新能源上网电价市场化改革促进新能源高质量发展实施方案》的通知|2025.10.29关于印发《湖南省新能源机制电价竞价实施细则》的通知|2025.11.05 关于2025年度新能源机制电价竞价工作有关事项的通知|2025.2.13 关于深化新能源上网电价市场化改革 促进新能源高质量发展的通知|湖南省2025年度新能源增量项目机制电价竞价结果公布表,ancillary_coupling|info_forecast_boundary|market_coupling|renewable_mechanism,
2026-01-19,2026-01-25 23:45:00,False,168,672,4699226.0,4889108.1375,466.5608154761905,79.76806677728622,515.1633958333333,92.98852374571348,37.175124999999994,52.45154011555323,1901.2400326623947,647.3455985095534,3338014.0671502976,5941466.721507353,392.3248869047619,estimated_prev_week_da_mean,1.0,1.0,1.0,0.0,1.0,1.0,1.0,0.375,0.375,0.8,10.0,执行期,0.0,0.0,0.0,1.0,1.0,1.0,1.0,27.0,12.0,0.0,13.0,1.0,1.0,lt_price_linkage,60.0,0.0,0.0,none,60.0,0.0,0.0,none,60.0,0.0,0.0,none,d:\elec\政策环境\2023-04-11印发2023-05-22公开关于印发《湖南省电力辅助服务市场交易规则（2023版）》的通知.docx|d:\elec\政策环境\2024-01-31 电力市场信息披露基本规则.docx|d:\elec\政策环境\2025.10.14关于进一步加强湖南电力辅助服务市场建设有关事项的通知.docx|d:\elec\政策环境\2025.10.15关于印发《湖南新能源消纳监测统计实施细则（试行）》的通知（湘监能市场〔2025〕58号）(2).docx|d:\elec\政策环境\2025.10.15湖南省电力市场计量实施规则.docx|d:\elec\政策环境\2025.10.15湖南省电力现货市场交易实施细则.docx|d:\elec\政策环境\2025.10.15湖南省电力调频辅助服务市场交易实施细则.docx|d:\elec\政策环境\2025.10.17 关于印发《湖南省深化新能源上网电价市场化改革促进新能源高质量发展实施方案》的通知.docx|d:\elec\政策环境\2025.10.29关于印发《湖南省新能源机制电价竞价实施细则》的通知.docx|d:\elec\政策环境\2025.11.05 关于2025年度新能源机制电价竞价工作有关事项的通知.docx|d:\elec\政策环境\2025.12.25 湖南省2025年度新能源增量项目机制电价竞价结果公布表.xlsx|d:\elec\政策环境\2025.2.13 关于深化新能源上网电价市场化改革 促进新能源高质量发展的通知.docx,2023-04-11印发2023-05-22公开关于印发《湖南省电力辅助服务市场交易规则（2023版）》的通知|2024-01-31 电力市场信息披露基本规则|2025.10.14关于进一步加强湖南电力辅助服务市场建设有关事项的通知|2025.10.15关于印发《湖南新能源消纳监测统计实施细则（试行）》的通知（湘监能市场〔2025〕58号）(2)|2025.10.15湖南省电力市场计量实施规则|2025.10.15湖南省电力现货市场交易实施细则|2025.10.15湖南省电力调频辅助服务市场交易实施细则|2025.10.17 关于印发《湖南省深化新能源上网电价市场化改革促进新能源高质量发展实施方案》的通知|2025.10.29关于印发《湖南省新能源机制电价竞价实施细则》的通知|2025.11.05 关于2025年度新能源机制电价竞价工作有关事项的通知|2025.2.13 关于深化新能源上网电价市场化改革 促进新能源高质量发展的通知|湖南省2025年度新能源增量项目机制电价竞价结果公布表,ancillary_coupling|info_forecast_boundary|market_coupling|renewable_mechanism,
2026-01-26,2026-02-01 23:45:00,False,168,672,4557974.25,4503780.2525,438.19230357142857,70.4253014198554,431.7303392857143,73.94173821335362,-6.461964285714283,38.16150725360606,1684.9242521772194,765.4379323568544,2999132.810680803,4387805.7365,466.5608154761905,estimated_prev_week_da_mean,1.0,1.0,1.0,0.0,1.0,1.0,1.0,0.375,0.375,0.8,10.0,执行期,0.0,0.0,0.0,1.0,1.0,1.0,1.0,27.0,12.0,0.0,6.0,1.0,1.0,lt_price_linkage,60.0,0.0,0.0,none,60.0,0.0,0.0,none,60.0,0.0,0.0,none,d:\elec\政策环境\2023-04-11印发2023-05-22公开关于印发《湖南省电力辅助服务市场交易规则（2023版）》的通知.docx|d:\elec\政策环境\2024-01-31 电力市场信息披露基本规则.docx|d:\elec\政策环境\2025.10.14关于进一步加强湖南电力辅助服务市场建设有关事项的通知.docx|d:\elec\政策环境\2025.10.15关于印发《湖南新能源消纳监测统计实施细则（试行）》的通知（湘监能市场〔2025〕58号）(2).docx|d:\elec\政策环境\2025.10.15湖南省电力市场计量实施规则.docx|d:\elec\政策环境\2025.10.15湖南省电力现货市场交易实施细则.docx|d:\elec\政策环境\2025.10.15湖南省电力调频辅助服务市场交易实施细则.docx|d:\elec\政策环境\2025.10.17 关于印发《湖南省深化新能源上网电价市场化改革促进新能源高质量发展实施方案》的通知.docx|d:\elec\政策环境\2025.10.29关于印发《湖南省新能源机制电价竞价实施细则》的通知.docx|d:\elec\政策环境\2025.11.05 关于2025年度新能源机制电价竞价工作有关事项的通知.docx|d:\elec\政策环境\2025.12.25 湖南省2025年度新能源增量项目机制电价竞价结果公布表.xlsx|d:\elec\政策环境\2025.2.13 关于深化新能源上网电价市场化改革 促进新能源高质量发展的通知.docx,2023-04-11印发2023-05-22公开关于印发《湖南省电力辅助服务市场交易规则（2023版）》的通知|2024-01-31 电力市场信息披露基本规则|2025.10.14关于进一步加强湖南电力辅助服务市场建设有关事项的通知|2025.10.15关于印发《湖南新能源消纳监测统计实施细则（试行）》的通知（湘监能市场〔2025〕58号）(2)|2025.10.15湖南省电力市场计量实施规则|2025.10.15湖南省电力现货市场交易实施细则|2025.10.15湖南省电力调频辅助服务市场交易实施细则|2025.10.17 关于印发《湖南省深化新能源上网电价市场化改革促进新能源高质量发展实施方案》的通知|2025.10.29关于印发《湖南省新能源机制电价竞价实施细则》的通知|2025.11.05 关于2025年度新能源机制电价竞价工作有关事项的通知|2025.2.13 关于深化新能源上网电价市场化改革 促进新能源高质量发展的通知|湖南省2025年度新能源增量项目机制电价竞价结果公布表,ancillary_coupling|info_forecast_boundary|market_coupling|renewable_mechanism,
2026-02-02,2026-02-08 23:45:00,False,168,672,4013873.75,3973380.2575000003,428.8433749999999,126.16915388877023,411.5684166666667,137.1801347003408,-17.934541666666668,68.91548571552151,1554.0125258425192,929.7021546937366,2641886.550675595,3984822.3901911764,438.19230357142857,estimated_prev_week_da_mean,1.0,1.0,1.0,0.0,1.0,1.0,1.0,0.375,0.375,0.8,10.0,执行期,1.0,0.4,0.6,0.0,1.0,1.0,1.0,30.0,13.0,0.0,60.0,0.0,0.0,none,60.0,0.0,0.0,none,60.0,0.0,0.0,none,60.0,0.0,0.0,none,d:\elec\政策环境\2023-04-11印发2023-05-22公开关于印发《湖南省电力辅助服务市场交易规则（2023版）》的通知.docx|d:\elec\政策环境\2024-01-31 电力市场信息披露基本规则.docx|d:\elec\政策环境\2025.10.14关于进一步加强湖南电力辅助服务市场建设有关事项的通知.docx|d:\elec\政策环境\2025.10.15关于印发《湖南新能源消纳监测统计实施细则（试行）》的通知（湘监能市场〔2025〕58号）(2).docx|d:\elec\政策环境\2025.10.15湖南省电力市场计量实施规则.docx|d:\elec\政策环境\2025.10.15湖南省电力现货市场交易实施细则.docx|d:\elec\政策环境\2025.10.15湖南省电力调频辅助服务市场交易实施细则.docx|d:\elec\政策环境\2025.10.17 关于印发《湖南省深化新能源上网电价市场化改革促进新能源高质量发展实施方案》的通知.docx|d:\elec\政策环境\2025.10.29关于印发《湖南省新能源机制电价竞价实施细则》的通知.docx|d:\elec\政策环境\2025.11.05 关于2025年度新能源机制电价竞价工作有关事项的通知.docx|d:\elec\政策环境\2025.12.25 湖南省2025年度新能源增量项目机制电价竞价结果公布表.xlsx|d:\elec\政策环境\2025.2.13 关于深化新能源上网电价市场化改革 促进新能源高质量发展的通知.docx|d:\elec\政策环境\2026.01 关于完善2026年度电力中长期交易价格机制的通知.docx,2023-04-11印发2023-05-22公开关于印发《湖南省电力辅助服务市场交易规则（2023版）》的通知|2024-01-31 电力市场信息披露基本规则|2025.10.14关于进一步加强湖南电力辅助服务市场建设有关事项的通知|2025.10.15关于印发《湖南新能源消纳监测统计实施细则（试行）》的通知（湘监能市场〔2025〕58号）(2)|2025.10.15湖南省电力市场计量实施规则|2025.10.15湖南省电力现货市场交易实施细则|2025.10.15湖南省电力调频辅助服务市场交易实施细则|2025.10.17 关于印发《湖南省深化新能源上网电价市场化改革促进新能源高质量发展实施方案》的通知|2025.10.29关于印发《湖南省新能源机制电价竞价实施细则》的通知|2025.11.05 关于2025年度新能源机制电价竞价工作有关事项的通知|2025.2.13 关于深化新能源上网电价市场化改革 促进新能源高质量发展的通知|2026.01 关于完善2026年度电力中长期交易价格机制的通知|湖南省2025年度新能源增量项目机制电价竞价结果公布表,ancillary_coupling|info_forecast_boundary|lt_price_linkage|market_coupling|renewable_mechanism,
2026-02-09,2026-02-15 23:45:00,False,168,672,3809002.0,3733226.0849999995,406.02231547619044,151.51071502800897,354.29802083333334,186.77361115109767,-43.73866666666666,121.59832990540559,1396.3146816576032,1210.5935682129157,2446312.7705368306,4002078.918742647,428.8433749999999,estimated_prev_week_da_mean,1.0,1.0,1.0,0.0,1.0,1.0,1.0,0.375,0.375,0.8,10.0,执行期,1.0,0.4,0.6,0.0,1.0,1.0,1.0,30.0,13.0,0.0,60.0,0.0,0.0,none,60.0,0.0,0.0,none,60.0,0.0,0.0,none,60.0,0.0,0.0,none,d:\elec\政策环境\2023-04-11印发2023-05-22公开关于印发《湖南省电力辅助服务市场交易规则（2023版）》的通知.docx|d:\elec\政策环境\2024-01-31 电力市场信息披露基本规则.docx|d:\elec\政策环境\2025.10.14关于进一步加强湖南电力辅助服务市场建设有关事项的通知.docx|d:\elec\政策环境\2025.10.15关于印发《湖南新能源消纳监测统计实施细则（试行）》的通知（湘监能市场〔2025〕58号）(2).docx|d:\elec\政策环境\2025.10.15湖南省电力市场计量实施规则.docx|d:\elec\政策环境\2025.10.15湖南省电力现货市场交易实施细则.docx|d:\elec\政策环境\2025.10.15湖南省电力调频辅助服务市场交易实施细则.docx|d:\elec\政策环境\2025.10.17 关于印发《湖南省深化新能源上网电价市场化改革促进新能源高质量发展实施方案》的通知.docx|d:\elec\政策环境\2025.10.29关于印发《湖南省新能源机制电价竞价实施细则》的通知.docx|d:\elec\政策环境\2025.11.05 关于2025年度新能源机制电价竞价工作有关事项的通知.docx|d:\elec\政策环境\2025.12.25 湖南省2025年度新能源增量项目机制电价竞价结果公布表.xlsx|d:\elec\政策环境\2025.2.13 关于深化新能源上网电价市场化改革 促进新能源高质量发展的通知.docx|d:\elec\政策环境\2026.01 关于完善2026年度电力中长期交易价格机制的通知.docx,2023-04-11印发2023-05-22公开关于印发《湖南省电力辅助服务市场交易规则（2023版）》的通知|2024-01-31 电力市场信息披露基本规则|2025.10.14关于进一步加强湖南电力辅助服务市场建设有关事项的通知|2025.10.15关于印发《湖南新能源消纳监测统计实施细则（试行）》的通知（湘监能市场〔2025〕58号）(2)|2025.10.15湖南省电力市场计量实施规则|2025.10.15湖南省电力现货市场交易实施细则|2025.10.15湖南省电力调频辅助服务市场交易实施细则|2025.10.17 关于印发《湖南省深化新能源上网电价市场化改革促进新能源高质量发展实施方案》的通知|2025.10.29关于印发《湖南省新能源机制电价竞价实施细则》的通知|2025.11.05 关于2025年度新能源机制电价竞价工作有关事项的通知|2025.2.13 关于深化新能源上网电价市场化改革 促进新能源高质量发展的通知|2026.01 关于完善2026年度电力中长期交易价格机制的通知|湖南省2025年度新能源增量项目机制电价竞价结果公布表,ancillary_coupling|info_forecast_boundary|lt_price_linkage|market_coupling|renewable_mechanism,
2026-02-16,2026-02-22 23:45:00,False,168,672,3008683.5,2997081.29,353.7441607142857,158.66231949777693,318.40558928571426,168.70602763149094,-35.33857142857143,101.30838788609252,1962.8017671213968,1453.3594628004284,1748534.3538299853,3118751.4553970587,406.02231547619044,estimated_prev_week_da_mean,1.0,1.0,1.0,0.0,1.0,1.0,1.0,0.375,0.375,0.8,10.0,执行期,1.0,0.4,0.6,0.0,1.0,1.0,1.0,30.0,13.0,0.0,60.0,0.0,0.0,none,60.0,0.0,0.0,none,60.0,0.0,0.0,none,60.0,0.0,0.0,none,d:\elec\政策环境\2023-04-11印发2023-05-22公开关于印发《湖南省电力辅助服务市场交易规则（2023版）》的通知.docx|d:\elec\政策环境\2024-01-31 电力市场信息披露基本规则.docx|d:\elec\政策环境\2025.10.14关于进一步加强湖南电力辅助服务市场建设有关事项的通知.docx|d:\elec\政策环境\2025.10.15关于印发《湖南新能源消纳监测统计实施细则（试行）》的通知（湘监能市场〔2025〕58号）(2).docx|d:\elec\政策环境\2025.10.15湖南省电力市场计量实施规则.docx|d:\elec\政策环境\2025.10.15湖南省电力现货市场交易实施细则.docx|d:\elec\政策环境\2025.10.15湖南省电力调频辅助服务市场交易实施细则.docx|d:\elec\政策环境\2025.10.17 关于印发《湖南省深化新能源上网电价市场化改革促进新能源高质量发展实施方案》的通知.docx|d:\elec\政策环境\2025.10.29关于印发《湖南省新能源机制电价竞价实施细则》的通知.docx|d:\elec\政策环境\2025.11.05 关于2025年度新能源机制电价竞价工作有关事项的通知.docx|d:\elec\政策环境\2025.12.25 湖南省2025年度新能源增量项目机制电价竞价结果公布表.xlsx|d:\elec\政策环境\2025.2.13 关于深化新能源上网电价市场化改革 促进新能源高质量发展的通知.docx|d:\elec\政策环境\2026.01 关于完善2026年度电力中长期交易价格机制的通知.docx,2023-04-11印发2023-05-22公开关于印发《湖南省电力辅助服务市场交易规则（2023版）》的通知|2024-01-31 电力市场信息披露基本规则|2025.10.14关于进一步加强湖南电力辅助服务市场建设有关事项的通知|2025.10.15关于印发《湖南新能源消纳监测统计实施细则（试行）》的通知（湘监能市场〔2025〕58号）(2)|2025.10.15湖南省电力市场计量实施规则|2025.10.15湖南省电力现货市场交易实施细则|2025.10.15湖南省电力调频辅助服务市场交易实施细则|2025.10.17 关于印发《湖南省深化新能源上网电价市场化改革促进新能源高质量发展实施方案》的通知|2025.10.29关于印发《湖南省新能源机制电价竞价实施细则》的通知|2025.11.05 关于2025年度新能源机制电价竞价工作有关事项的通知|2025.2.13 关于深化新能源上网电价市场化改革 促进新能源高质量发展的通知|2026.01 关于完善2026年度电力中长期交易价格机制的通知|湖南省2025年度新能源增量项目机制电价竞价结果公布表,ancillary_coupling|info_forecast_boundary|lt_price_linkage|market_coupling|renewable_mechanism,
2026-02-23,2026-03-01 23:45:00,False,168,672,3165512.25,3239692.0149999997,391.8921130952381,162.92096283089123,341.00192857142855,197.780802987169,-50.890184523809545,150.91290917843588,1153.2910966789532,1001.2872886565153,1985057.0313549105,3421547.724683824,353.7441607142857,estimated_prev_week_da_mean,1.0,1.0,1.0,0.0,1.0,1.0,1.0,0.375,0.375,0.8,10.0,执行期,1.0,0.4,0.6,0.0,1.0,1.0,1.0,30.0,13.0,0.0,60.0,0.0,0.0,none,60.0,0.0,0.0,none,60.0,0.0,0.0,none,60.0,0.0,0.0,none,d:\elec\政策环境\2023-04-11印发2023-05-22公开关于印发《湖南省电力辅助服务市场交易规则（2023版）》的通知.docx|d:\elec\政策环境\2024-01-31 电力市场信息披露基本规则.docx|d:\elec\政策环境\2025.10.14关于进一步加强湖南电力辅助服务市场建设有关事项的通知.docx|d:\elec\政策环境\2025.10.15关于印发《湖南新能源消纳监测统计实施细则（试行）》的通知（湘监能市场〔2025〕58号）(2).docx|d:\elec\政策环境\2025.10.15湖南省电力市场计量实施规则.docx|d:\elec\政策环境\2025.10.15湖南省电力现货市场交易实施细则.docx|d:\elec\政策环境\2025.10.15湖南省电力调频辅助服务市场交易实施细则.docx|d:\elec\政策环境\2025.10.17 关于印发《湖南省深化新能源上网电价市场化改革促进新能源高质量发展实施方案》的通知.docx|d:\elec\政策环境\2025.10.29关于印发《湖南省新能源机制电价竞价实施细则》的通知.docx|d:\elec\政策环境\2025.11.05 关于2025年度新能源机制电价竞价工作有关事项的通知.docx|d:\elec\政策环境\2025.12.25 湖南省2025年度新能源增量项目机制电价竞价结果公布表.xlsx|d:\elec\政策环境\2025.2.13 关于深化新能源上网电价市场化改革 促进新能源高质量发展的通知.docx|d:\elec\政策环境\2026.01 关于完善2026年度电力中长期交易价格机制的通知.docx,2023-04-11印发2023-05-22公开关于印发《湖南省电力辅助服务市场交易规则（2023版）》的通知|2024-01-31 电力市场信息披露基本规则|2025.10.14关于进一步加强湖南电力辅助服务市场建设有关事项的通知|2025.10.15关于印发《湖南新能源消纳监测统计实施细则（试行）》的通知（湘监能市场〔2025〕58号）(2)|2025.10.15湖南省电力市场计量实施规则|2025.10.15湖南省电力现货市场交易实施细则|2025.10.15湖南省电力调频辅助服务市场交易实施细则|2025.10.17 关于印发《湖南省深化新能源上网电价市场化改革促进新能源高质量发展实施方案》的通知|2025.10.29关于印发《湖南省新能源机制电价竞价实施细则》的通知|2025.11.05 关于2025年度新能源机制电价竞价工作有关事项的通知|2025.2.13 关于深化新能源上网电价市场化改革 促进新能源高质量发展的通知|2026.01 关于完善2026年度电力中长期交易价格机制的通知|湖南省2025年度新能源增量项目机制电价竞价结果公布表,ancillary_coupling|info_forecast_boundary|lt_price_linkage|market_coupling|renewable_mechanism,
2026-03-02,2026-03-08 23:45:00,False,168,672,3578206.25,3547310.6725000003,389.6273809523809,122.09987438559627,364.9024523809524,137.07112290682062,-24.724928571428574,114.00146015976676,990.1070344831832,563.2689115204311,2154039.1543976935,3421906.0844558817,391.8921130952381,estimated_prev_week_da_mean,1.0,1.0,1.0,0.0,1.0,1.0,1.0,0.375,0.375,0.8,10.0,执行期,1.0,0.4,0.6,0.0,1.0,1.0,1.0,30.0,13.0,0.0,60.0,0.0,0.0,none,60.0,0.0,0.0,none,60.0,0.0,0.0,none,60.0,0.0,0.0,none,d:\elec\政策环境\2023-04-11印发2023-05-22公开关于印发《湖南省电力辅助服务市场交易规则（2023版）》的通知.docx|d:\elec\政策环境\2024-01-31 电力市场信息披露基本规则.docx|d:\elec\政策环境\2025.10.14关于进一步加强湖南电力辅助服务市场建设有关事项的通知.docx|d:\elec\政策环境\2025.10.15关于印发《湖南新能源消纳监测统计实施细则（试行）》的通知（湘监能市场〔2025〕58号）(2).docx|d:\elec\政策环境\2025.10.15湖南省电力市场计量实施规则.docx|d:\elec\政策环境\2025.10.15湖南省电力现货市场交易实施细则.docx|d:\elec\政策环境\2025.10.15湖南省电力调频辅助服务市场交易实施细则.docx|d:\elec\政策环境\2025.10.17 关于印发《湖南省深化新能源上网电价市场化改革促进新能源高质量发展实施方案》的通知.docx|d:\elec\政策环境\2025.10.29关于印发《湖南省新能源机制电价竞价实施细则》的通知.docx|d:\elec\政策环境\2025.11.05 关于2025年度新能源机制电价竞价工作有关事项的通知.docx|d:\elec\政策环境\2025.12.25 湖南省2025年度新能源增量项目机制电价竞价结果公布表.xlsx|d:\elec\政策环境\2025.2.13 关于深化新能源上网电价市场化改革 促进新能源高质量发展的通知.docx|d:\elec\政策环境\2026.01 关于完善2026年度电力中长期交易价格机制的通知.docx,2023-04-11印发2023-05-22公开关于印发《湖南省电力辅助服务市场交易规则（2023版）》的通知|2024-01-31 电力市场信息披露基本规则|2025.10.14关于进一步加强湖南电力辅助服务市场建设有关事项的通知|2025.10.15关于印发《湖南新能源消纳监测统计实施细则（试行）》的通知（湘监能市场〔2025〕58号）(2)|2025.10.15湖南省电力市场计量实施规则|2025.10.15湖南省电力现货市场交易实施细则|2025.10.15湖南省电力调频辅助服务市场交易实施细则|2025.10.17 关于印发《湖南省深化新能源上网电价市场化改革促进新能源高质量发展实施方案》的通知|2025.10.29关于印发《湖南省新能源机制电价竞价实施细则》的通知|2025.11.05 关于2025年度新能源机制电价竞价工作有关事项的通知|2025.2.13 关于深化新能源上网电价市场化改革 促进新能源高质量发展的通知|2026.01 关于完善2026年度电力中长期交易价格机制的通知|湖南省2025年度新能源增量项目机制电价竞价结果公布表,ancillary_coupling|info_forecast_boundary|lt_price_linkage|market_coupling|renewable_mechanism,
2026-03-09,2026-03-15 23:45:00,False,168,672,3112104.5,3145729.6325000003,356.67325,181.3396728438132,271.6806071428571,197.2156301251473,-84.99264285714285,156.39365281985067,1442.2123163581305,1506.7693133593677,1821781.4890026043,3708654.4636250003,389.6273809523809,estimated_prev_week_da_mean,1.0,1.0,1.0,0.0,1.0,1.0,1.0,0.375,0.375,0.8,10.0,执行期,1.0,0.4,0.6,0.0,1.0,1.0,1.0,30.0,13.0,0.0,60.0,0.0,0.0,none,60.0,0.0,0.0,none,60.0,0.0,0.0,none,60.0,0.0,0.0,none,d:\elec\政策环境\2023-04-11印发2023-05-22公开关于印发《湖南省电力辅助服务市场交易规则（2023版）》的通知.docx|d:\elec\政策环境\2024-01-31 电力市场信息披露基本规则.docx|d:\elec\政策环境\2025.10.14关于进一步加强湖南电力辅助服务市场建设有关事项的通知.docx|d:\elec\政策环境\2025.10.15关于印发《湖南新能源消纳监测统计实施细则（试行）》的通知（湘监能市场〔2025〕58号）(2).docx|d:\elec\政策环境\2025.10.15湖南省电力市场计量实施规则.docx|d:\elec\政策环境\2025.10.15湖南省电力现货市场交易实施细则.docx|d:\elec\政策环境\2025.10.15湖南省电力调频辅助服务市场交易实施细则.docx|d:\elec\政策环境\2025.10.17 关于印发《湖南省深化新能源上网电价市场化改革促进新能源高质量发展实施方案》的通知.docx|d:\elec\政策环境\2025.10.29关于印发《湖南省新能源机制电价竞价实施细则》的通知.docx|d:\elec\政策环境\2025.11.05 关于2025年度新能源机制电价竞价工作有关事项的通知.docx|d:\elec\政策环境\2025.12.25 湖南省2025年度新能源增量项目机制电价竞价结果公布表.xlsx|d:\elec\政策环境\2025.2.13 关于深化新能源上网电价市场化改革 促进新能源高质量发展的通知.docx|d:\elec\政策环境\2026.01 关于完善2026年度电力中长期交易价格机制的通知.docx,2023-04-11印发2023-05-22公开关于印发《湖南省电力辅助服务市场交易规则（2023版）》的通知|2024-01-31 电力市场信息披露基本规则|2025.10.14关于进一步加强湖南电力辅助服务市场建设有关事项的通知|2025.10.15关于印发《湖南新能源消纳监测统计实施细则（试行）》的通知（湘监能市场〔2025〕58号）(2)|2025.10.15湖南省电力市场计量实施规则|2025.10.15湖南省电力现货市场交易实施细则|2025.10.15湖南省电力调频辅助服务市场交易实施细则|2025.10.17 关于印发《湖南省深化新能源上网电价市场化改革促进新能源高质量发展实施方案》的通知|2025.10.29关于印发《湖南省新能源机制电价竞价实施细则》的通知|2025.11.05 关于2025年度新能源机制电价竞价工作有关事项的通知|2025.2.13 关于深化新能源上网电价市场化改革 促进新能源高质量发展的通知|2026.01 关于完善2026年度电力中长期交易价格机制的通知|湖南省2025年度新能源增量项目机制电价竞价结果公布表,ancillary_coupling|info_forecast_boundary|lt_price_linkage|market_coupling|renewable_mechanism,
2026-03-16,2026-03-22 23:45:00,True,120,480,2584357.0,2626751.605,371.13956666666667,172.7005953716749,391.2124166666667,131.2977483883178,20.07285,152.67824644991586,1317.4919724037397,1284.1497150442767,2127827.6148015624,3927876.860625,356.67325,estimated_prev_week_da_mean,1.0,1.0,1.0,0.0,1.0,1.0,1.0,0.375,0.375,0.8,10.0,执行期,1.0,0.4,0.6,0.0,1.0,1.0,1.0,30.0,13.0,0.0,60.0,0.0,0.0,none,60.0,0.0,0.0,none,60.0,0.0,0.0,none,60.0,0.0,0.0,none,d:\elec\政策环境\2023-04-11印发2023-05-22公开关于印发《湖南省电力辅助服务市场交易规则（2023版）》的通知.docx|d:\elec\政策环境\2024-01-31 电力市场信息披露基本规则.docx|d:\elec\政策环境\2025.10.14关于进一步加强湖南电力辅助服务市场建设有关事项的通知.docx|d:\elec\政策环境\2025.10.15关于印发《湖南新能源消纳监测统计实施细则（试行）》的通知（湘监能市场〔2025〕58号）(2).docx|d:\elec\政策环境\2025.10.15湖南省电力市场计量实施规则.docx|d:\elec\政策环境\2025.10.15湖南省电力现货市场交易实施细则.docx|d:\elec\政策环境\2025.10.15湖南省电力调频辅助服务市场交易实施细则.docx|d:\elec\政策环境\2025.10.17 关于印发《湖南省深化新能源上网电价市场化改革促进新能源高质量发展实施方案》的通知.docx|d:\elec\政策环境\2025.10.29关于印发《湖南省新能源机制电价竞价实施细则》的通知.docx|d:\elec\政策环境\2025.11.05 关于2025年度新能源机制电价竞价工作有关事项的通知.docx|d:\elec\政策环境\2025.12.25 湖南省2025年度新能源增量项目机制电价竞价结果公布表.xlsx|d:\elec\政策环境\2025.2.13 关于深化新能源上网电价市场化改革 促进新能源高质量发展的通知.docx|d:\elec\政策环境\2026.01 关于完善2026年度电力中长期交易价格机制的通知.docx,2023-04-11印发2023-05-22公开关于印发《湖南省电力辅助服务市场交易规则（2023版）》的通知|2024-01-31 电力市场信息披露基本规则|2025.10.14关于进一步加强湖南电力辅助服务市场建设有关事项的通知|2025.10.15关于印发《湖南新能源消纳监测统计实施细则（试行）》的通知（湘监能市场〔2025〕58号）(2)|2025.10.15湖南省电力市场计量实施规则|2025.10.15湖南省电力现货市场交易实施细则|2025.10.15湖南省电力调频辅助服务市场交易实施细则|2025.10.17 关于印发《湖南省深化新能源上网电价市场化改革促进新能源高质量发展实施方案》的通知|2025.10.29关于印发《湖南省新能源机制电价竞价实施细则》的通知|2025.11.05 关于2025年度新能源机制电价竞价工作有关事项的通知|2025.2.13 关于深化新能源上网电价市场化改革 促进新能源高质量发展的通知|2026.01 关于完善2026年度电力中长期交易价格机制的通知|湖南省2025年度新能源增量项目机制电价竞价结果公布表,ancillary_coupling|info_forecast_boundary|lt_price_linkage|market_coupling|renewable_mechanism,
